,Accuracy,F1 Score,Precision,Recall,Time [secs]
RF_covid19_news,73.87687188019967,81.6374269005848,71.66324435318275,94.83695652173914,385.477890253067
