,Accuracy,F1 Score,Precision,Recall,Time [secs]
RF_covid19_news,88.21322292663993,86.53362897265336,89.1019786910198,84.10919540229885,2238.6813747882843
