,Accuracy,F1 Score,Precision,Recall,Time [secs]
RF_general_news,99.52128347781084,99.46724262059035,99.68253968253968,99.25287356321839,2249.825275182724
