,Accuracy,F1 Score,Precision,Recall,Time [secs]
RF_general_news,98.46034415836459,98.27511233512102,99.15179877157063,97.41379310344827,1161.7044749259949
